ingredient,n
зеленый горошек,71
картофель,67
морковь,62
яйцо куриное,56
майонез,49
соль,49
огурцы,39
соленые огурцы,36
черный перец,34
репчатый лук,27
маринованные огурцы,17
зеленый репчатый лук,15
оливковое масло,14
перепелиное яйцо,13
укроп,13
петрушка,11
растительное масло,10
горчица,9
каперсы,8
лимонный сок,8
сахар,8
дижонская горчица,7
говядина,6
чеснок,6
яблоко,6
говяжий язык,5
докторская колбаса,5
домашний майонез,5
зелень,5
куриная грудка,5
авокадо,4
красная икра,4
куриное филе,4
лимон,4
раковые шейки,4
яичный желток,4
белый винный уксус,3
вареная колбаса,3
кинза,3
корень сельдерея,3
красный репчатый лук,3
креветки,3
кресс-салат,3
курица,3
майонез «провансаль»,3
маслины,3
морская соль,3
рябчик,3
сладкий перец,3
сметана,3
сметана 20%-ная,3
соевый соус,3
стебель сельдерея,3
черная икра,3
черный перец горошком,3
адыгейский сыр,2
антоновские яблоки,2
вареный говяжий язык,2
ветчина,2
винный уксус,2
вода,2
вустерширский соус,2
желатин,2
измельченный укроп,2
кешью,2
кислые яблоки,2
копченая курица,2
корнишоны,2
лавровый лист,2
латук,2
мед,2
моченые яблоки,2
мясо,2
мясо краба,2
оливки,2
"оливки, фаршированные лимоном",2
очищенные вареные креветки,2
подсолнечное масло,2
помидоры черри,2
постный майонез,2
раки,2
редис,2
салат романо,2
салат фризе,2
сыр,2
тофу,2
хрен,2
яблочный уксус,2
"""кукурузный"" цыпленок",1
агар-агар,1
ананас,1
анчоусы,1
асафетида,1
базилик,1
бальзамический крем,1
батат,1
безе,1
белокочанная капуста,1
белый репчатый лук,1
бульон из креветок,1
васаби,1
говяжий бульон,1
говяжья вырезка,1
гренки из бородинского хлеба,1
греческий йогурт,1
грудка цесарки,1
зеленые яблоки,1
зернистая горчица,1
икра,1
икра тобико,1
имбирь,1
кабачки,1
кайенский перец,1
каперсы с черенком,1
квашеная капуста,1
кенийская фасоль,1
кетчуп,1
кислота лимонная,1
кокосовое масло,1
коктейль из морепродуктов,1
колбаса вегетарианская,1
кольраби,1
консервированная кукуруза,1
консервированные крабы,1
копченая индейка,1
копченая куриная грудка,1
копченая оленина,1
копченая скумбрия,1
копченая утиная грудка,1
копченый бекон,1
копченый лосось,1
коренья,1
крабы,1
кунжутное масло,1
куриная грудка с кожей,1
куриные бедра,1
куриные копченые окорочка,1
куриный бульон,1
куркума,1
ланспик,1
листья сельдерея,1
макароны,1
маринованные грибы,1
маринованный жемчужный репчатый лук,1
маринованный имбирь,1
молоко,1
молотая паприка,1
молотый белый перец,1
молотый кориандр,1
молотый сушеный чеснок,1
морковный сок,1
натуральный йогурт,1
оленина,1
оливковый майонез,1
очищенные креветки,1
панировочные сухари,1
паприка,1
печень,1
пикули,1
помидоры,1
пшеничная мука,1
репчатый лук-порей,1
репчатый лук-резанец,1
репчатый лук-шалот,1
рис,1
ростбиф,1
салат мини романо,1
свежие шампиньоны,1
свежий тимьян,1
свекольный сок,1
свиной копченый окорок,1
свиной окорок,1
свиной язык,1
сельдерей,1
сервелат,1
слабосоленая семга,1
слабосоленый лосось,1
смесь молотых перцев,1
сметана 10%-ная,1
сметана 15%-ная,1
соевое молоко,1
сок лайма,1
сосиски,1
соус айоли,1
соус кабуль,1
соус табаско,1
сухая горчица,1
сушеный зеленый репчатый лук,1
сырой кешью,1
твердый тофу,1
телятина,1
телячий язык,1
тимьян,1
трюфельное масло,1
уксус,1
утиная грудка,1
утиное филе,1
фаланги краба,1
фарш,1
филе куриной грудки,1
филе лосося,1
филе перепела,1
финики,1
хурма,1
цветная капуста,1
черная смородина,1
черная соль,1
чесночное масло,1
эндивий,1
